<?xml version="1.0" encoding="UTF-8"?>
<jcr:root xmlns:sling="http://sling.apache.org/jcr/sling/1.0" xmlns:cq="http://www.day.com/jcr/cq/1.0" xmlns:jcr="http://www.jcp.org/jcr/1.0" xmlns:nt="http://www.jcp.org/jcr/nt/1.0"
    jcr:primaryType="nt:unstructured"
    sling:resourceType="cq/gui/components/authoring/dialog">
    <content
        jcr:primaryType="nt:unstructured"
        sling:resourceType="granite/ui/components/coral/foundation/container">
        <items jcr:primaryType="nt:unstructured">
            <mytabs
                jcr:primaryType="nt:unstructured"
                sling:resourceType="granite/ui/components/coral/foundation/tabs">
                <items jcr:primaryType="nt:unstructured">
                    <tab1
                        jcr:primaryType="nt:unstructured"
                        jcr:title="tab1"
                        sling:resourceType="granite/ui/components/coral/foundation/container">
                        <items jcr:primaryType="nt:unstructured">
                            <columns
                                jcr:primaryType="nt:unstructured"
                                sling:resourceType="granite/ui/components/coral/foundation/fixedcolumns">
                                <items jcr:primaryType="nt:unstructured">
                                    <column
                                        jcr:primaryType="nt:unstructured"
                                        sling:resourceType="granite/ui/components/coral/foundation/container">
                                        <items jcr:primaryType="nt:unstructured">
                                            <multifield
                                                jcr:primaryType="nt:unstructured"
                                                sling:resourceType="granite/ui/components/coral/foundation/form/multifield"
                                                class="full-width"
                                                composite="{Boolean}true"
                                                fieldDescriptiom="Click '+' to add a new link">
                                                <field
                                                    jcr:primaryType="nt:unstructured"
                                                    sling:resourceType="granite/ui/components/coral/foundation/form/fieldset"
                                                    name="./linkMultifield">
                                                    <items jcr:primaryType="nt:unstructured">
                                                        <column
                                                            jcr:primaryType="nt:unstructured"
                                                            sling:resourceType="granite/ui/components/coral/foundation/container">
                                                            <items jcr:primaryType="nt:unstructured">
                                                                <linkTitle
                                                                    jcr:primaryType="nt:unstructured"
                                                                    sling:resourceType="granite/ui/components/coral/foundation/form/textfield"
                                                                    fieldLabel="linkTitle"
                                                                    name="./linkTitle"
                                                                    rootPath="/content"/>
                                                                <linkText
                                                                    jcr:primaryType="nt:unstructured"
                                                                    sling:resourceType="granite/ui/components/coral/foundation/form/pathbrowser"
                                                                    fieldLabel="linkText"
                                                                    name="./linkText"/>
                                                                <image
                                                                    jcr:primaryType="nt:unstructured"
                                                                    sling:resourceType="granite/ui/components/coral/foundation/form/pathbrowser"
                                                                    fieldLabel="image for insight"
                                                                    name="./image"/>
                                                                <snippet
                                                                    jcr:primaryType="nt:unstructured"
                                                                    sling:resourceType="granite/ui/components/coral/foundation/form/textarea"
                                                                    fieldDescription="Snippet for insight"
                                                                    fieldLabel="Snippet for insight"
                                                                    name="./snippet"/>
                                                            </items>
                                                        </column>
                                                    </items>
                                                </field>
                                            </multifield>
                                        </items>
                                    </column>
                                </items>
                            </columns>
                        </items>
                    </tab1>
                    <tab2
                        jcr:primaryType="nt:unstructured"
                        jcr:title="tab2"
                        sling:resourceType="granite/ui/components/coral/foundation/container">
                        <items jcr:primaryType="nt:unstructured">
                            <columns
                                jcr:primaryType="nt:unstructured"
                                sling:resourceType="granite/ui/components/coral/foundation/fixedcolumns">
                                <items jcr:primaryType="nt:unstructured">
                                    <column
                                        jcr:primaryType="nt:unstructured"
                                        sling:resourceType="granite/ui/components/coral/foundation/container">
                                        <items jcr:primaryType="nt:unstructured">
                                            <Text
                                                jcr:primaryType="nt:unstructured"
                                                sling:resourceType="granite/ui/components/coral/foundation/form/textfield"
                                                fieldDescription="Text for Insight"
                                                fieldLabel="heading"
                                                name="./text"
                                                required="{Boolean}true"/>
                                            <Description
                                                jcr:primaryType="nt:unstructured"
                                                sling:resourceType="granite/ui/components/coral/foundation/form/textfield"
                                                fieldDescription="Description for Insight"
                                                fieldLabel="Description"
                                                name="./description"
                                                required="{Boolean}true"/>
                                        </items>
                                    </column>
                                </items>
                            </columns>
                        </items>
                    </tab2>
                </items>
            </mytabs>
        </items>
    </content>
</jcr:root>
