<?xml version="1.0" encoding="UTF-8"?>
<jcr:root xmlns:jcr="http://www.jcp.org/jcr/1.0" xmlns:nt="http://www.jcp.org/jcr/nt/1.0"
    jcr:primaryType="nt:unstructured">
    <question-one jcr:primaryType="nt:unstructured">
        <question-one.html/>
        <jscript.js/>
    </question-one>
    <question-two jcr:primaryType="nt:unstructured">
        <question-two.html/>
        <background.html/>
    </question-two>
    <question-three jcr:primaryType="nt:unstructured">
        <question-three.html/>
    </question-three>
</jcr:root>
